InvoiceID,CustomerID,Behavior,InvoiceDate,DueDate,InvoiceAmount,PaymentDate,Status,OpenAmount,TermsDays
1,C1000,good,2026-03-24,2026-05-23,1647.81,2026-06-02,Paid,0.0,60
2,C1000,good,2025-12-10,2026-02-08,3432.17,,Open,3432.17,60
3,C1000,good,2026-04-02,2026-06-01,4519.93,2026-06-08,Paid,0.0,60
4,C1000,good,2026-04-09,2026-06-08,3631.25,2026-06-11,Paid,0.0,60
5,C1000,good,2026-02-10,2026-04-11,3160.19,2026-04-09,Paid,0.0,60
6,C1000,good,2026-04-02,2026-06-01,600.45,2026-05-27,Paid,0.0,60
7,C1000,good,2026-01-02,2026-03-03,3589.18,2026-03-11,Paid,0.0,60
8,C1000,good,2025-11-25,2026-01-24,1497.61,2026-02-02,Paid,0.0,60
9,C1000,good,2025-11-19,2026-01-18,1548.88,2026-01-20,Paid,0.0,60
10,C1000,good,2025-12-13,2026-02-11,4785.1,2026-02-06,Paid,0.0,60
11,C1000,good,2025-11-18,2026-01-17,4649.85,,Open,4649.85,60
12,C1000,good,2026-01-24,2026-03-25,1044.0,2026-03-30,Paid,0.0,60
13,C1000,good,2025-12-02,2026-01-31,4713.98,2026-02-08,Paid,0.0,60
14,C1000,good,2026-02-20,2026-04-21,1865.16,2026-05-01,Paid,0.0,60
15,C1000,good,2025-12-01,2026-01-30,2270.09,2026-01-26,Paid,0.0,60
16,C1000,good,2025-12-27,2026-02-25,2364.41,2026-02-25,Paid,0.0,60
17,C1000,good,2026-01-04,2026-03-05,889.1,2026-03-03,Paid,0.0,60
18,C1000,good,2025-11-27,2026-01-26,4279.78,2026-02-01,Paid,0.0,60
19,C1000,good,2026-04-02,2026-06-01,2611.94,2026-06-05,Paid,0.0,60
20,C1000,good,2025-11-03,2026-01-02,3169.33,2026-01-09,Paid,0.0,60
21,C1000,good,2026-02-25,2026-04-26,2760.07,2026-04-21,Paid,0.0,60
22,C1000,good,2025-11-22,2026-01-21,4640.39,2026-01-23,Paid,0.0,60
23,C1000,good,2026-01-11,2026-03-12,4786.1,2026-03-18,Paid,0.0,60
24,C1000,good,2026-01-31,2026-04-01,3466.47,2026-03-27,Paid,0.0,60
25,C1000,good,2025-11-29,2026-01-28,4141.13,2026-01-29,Paid,0.0,60
26,C1000,good,2026-03-26,2026-05-25,2664.96,2026-05-31,Paid,0.0,60
27,C1000,good,2026-02-17,2026-04-18,4734.56,2026-04-26,Paid,0.0,60
28,C1000,good,2026-01-08,2026-03-09,2364.91,2026-03-04,Paid,0.0,60
29,C1000,good,2025-11-01,2025-12-31,4039.0,2026-01-05,Paid,0.0,60
30,C1000,good,2026-04-02,2026-06-01,4120.56,2026-06-01,Paid,0.0,60
31,C1000,good,2026-02-22,2026-04-23,4374.54,,Open,4374.54,60
32,C1000,good,2026-03-22,2026-05-21,874.55,2026-05-16,Paid,0.0,60
33,C1000,good,2026-01-28,2026-03-29,1623.02,2026-03-27,Paid,0.0,60
34,C1000,good,2026-02-21,2026-04-22,2049.9,,Open,2049.9,60
35,C1000,good,2026-02-03,2026-04-04,2873.21,2026-04-04,Paid,0.0,60
36,C1000,good,2025-10-26,2025-12-25,3702.15,2026-01-03,Paid,0.0,60
37,C1000,good,2025-12-03,2026-02-01,2631.97,2026-01-27,Paid,0.0,60
38,C1000,good,2026-01-12,2026-03-13,2394.13,2026-03-14,Paid,0.0,60
39,C1000,good,2026-02-04,2026-04-05,4549.18,2026-04-06,Paid,0.0,60
40,C1000,good,2025-12-20,2026-02-18,4176.68,2026-02-13,Paid,0.0,60
41,C1001,late,2026-02-27,2026-03-29,2505.51,2026-05-15,Paid,0.0,30
42,C1001,late,2025-11-21,2025-12-21,4245.1,2026-02-14,Paid,0.0,30
43,C1001,late,2025-11-28,2025-12-28,2528.8,2026-02-14,Paid,0.0,30
44,C1001,late,2025-12-29,2026-01-28,3537.06,2026-03-04,Paid,0.0,30
45,C1001,late,2025-12-21,2026-01-20,764.53,,Open,764.53,30
46,C1001,late,2026-02-14,2026-03-16,4439.9,,Open,4439.9,30
47,C1001,late,2026-03-21,2026-04-20,1896.64,2026-05-24,Paid,0.0,30
48,C1001,late,2025-12-24,2026-01-23,3042.23,,Open,3042.23,30
49,C1001,late,2026-03-31,2026-04-30,3157.63,2026-05-28,Paid,0.0,30
50,C1001,late,2025-11-15,2025-12-15,2573.84,2026-02-13,Paid,0.0,30
51,C1001,late,2026-03-31,2026-04-30,2200.86,,Open,2200.86,30
52,C1001,late,2025-11-14,2025-12-14,3533.69,2026-01-25,Paid,0.0,30
53,C1001,late,2025-12-04,2026-01-03,969.91,2026-03-01,Paid,0.0,30
54,C1001,late,2025-12-01,2025-12-31,2749.1,2026-02-04,Paid,0.0,30
55,C1001,late,2025-12-28,2026-01-27,4548.55,,Open,4548.55,30
56,C1001,late,2026-01-16,2026-02-15,4150.13,2026-04-07,Paid,0.0,30
57,C1002,late,2026-01-31,2026-03-17,3535.05,2026-04-25,Paid,0.0,45
58,C1002,late,2026-01-11,2026-02-25,4615.0,2026-04-24,Paid,0.0,45
59,C1002,late,2025-11-24,2026-01-08,1555.88,,Open,1555.88,45
60,C1002,late,2026-02-25,2026-04-11,1249.49,2026-05-30,Paid,0.0,45
61,C1002,late,2026-01-14,2026-02-28,3200.94,2026-03-31,Paid,0.0,45
62,C1002,late,2026-01-12,2026-02-26,1012.61,2026-03-28,Paid,0.0,45
63,C1002,late,2025-11-06,2025-12-21,4007.93,2026-02-19,Paid,0.0,45
64,C1002,late,2026-03-06,2026-04-20,3109.81,2026-05-11,Paid,0.0,45
65,C1002,late,2025-12-26,2026-02-09,829.37,2026-03-05,Paid,0.0,45
66,C1002,late,2026-01-12,2026-02-26,1016.1,2026-04-19,Paid,0.0,45
67,C1002,late,2026-01-03,2026-02-17,844.93,2026-04-08,Paid,0.0,45
68,C1002,late,2026-03-20,2026-05-04,4785.11,2026-06-11,Paid,0.0,45
69,C1002,late,2025-11-16,2025-12-31,2904.32,2026-01-22,Paid,0.0,45
70,C1002,late,2026-01-29,2026-03-15,984.79,2026-04-01,Paid,0.0,45
71,C1002,late,2026-04-06,2026-05-21,3261.55,,Open,3261.55,45
72,C1002,late,2026-03-11,2026-04-25,4217.54,,Open,4217.54,45
73,C1002,late,2025-11-10,2025-12-25,2394.56,2026-01-16,Paid,0.0,45
74,C1002,late,2026-02-07,2026-03-24,1215.25,2026-04-14,Paid,0.0,45
75,C1002,late,2026-01-03,2026-02-17,4129.19,2026-04-07,Paid,0.0,45
76,C1002,late,2026-01-24,2026-03-10,2975.94,2026-05-09,Paid,0.0,45
77,C1002,late,2026-03-15,2026-04-29,1434.27,,Open,1434.27,45
78,C1003,good,2025-11-08,2025-12-23,1941.13,2025-12-30,Paid,0.0,45
79,C1003,good,2026-03-24,2026-05-08,788.86,2026-05-13,Paid,0.0,45
80,C1003,good,2025-12-14,2026-01-28,1001.13,2026-01-29,Paid,0.0,45
81,C1003,good,2025-11-22,2026-01-06,4404.26,2026-01-16,Paid,0.0,45
82,C1003,good,2026-02-02,2026-03-19,1324.5,2026-03-20,Paid,0.0,45
83,C1003,good,2026-02-05,2026-03-22,2122.09,,Open,2122.09,45
84,C1003,good,2025-12-16,2026-01-30,907.2,2026-02-04,Paid,0.0,45
85,C1003,good,2025-12-31,2026-02-14,4849.69,2026-02-10,Paid,0.0,45
86,C1003,good,2026-01-18,2026-03-04,4067.29,2026-03-08,Paid,0.0,45
87,C1003,good,2026-03-15,2026-04-29,2949.01,2026-04-26,Paid,0.0,45
88,C1003,good,2026-04-04,2026-05-19,4137.19,,Open,4137.19,45
89,C1003,good,2025-11-19,2026-01-03,4404.0,,Open,4404.0,45
90,C1003,good,2026-04-07,2026-05-22,1808.7,2026-05-28,Paid,0.0,45
91,C1003,good,2026-03-01,2026-04-15,954.21,,Open,954.21,45
92,C1003,good,2025-10-21,2025-12-05,1279.59,2025-12-04,Paid,0.0,45
93,C1003,good,2026-01-18,2026-03-04,1875.3,,Open,1875.3,45
94,C1003,good,2026-02-16,2026-04-02,1137.56,2026-03-29,Paid,0.0,45
95,C1003,good,2025-11-01,2025-12-16,4117.35,,Open,4117.35,45
96,C1003,good,2025-12-20,2026-02-03,2918.72,2026-01-30,Paid,0.0,45
97,C1003,good,2025-10-21,2025-12-05,1612.84,2025-12-02,Paid,0.0,45
98,C1003,good,2025-12-16,2026-01-30,4137.14,2026-02-02,Paid,0.0,45
99,C1003,good,2025-11-23,2026-01-07,2539.89,2026-01-14,Paid,0.0,45
100,C1003,good,2026-02-25,2026-04-11,1660.86,2026-04-06,Paid,0.0,45
101,C1003,good,2025-12-24,2026-02-07,4893.4,,Open,4893.4,45
102,C1003,good,2026-01-09,2026-02-23,3110.32,,Open,3110.32,45
103,C1003,good,2026-01-29,2026-03-15,2290.09,,Open,2290.09,45
104,C1003,good,2026-03-18,2026-05-02,1550.88,,Open,1550.88,45
105,C1003,good,2026-01-18,2026-03-04,2754.05,2026-03-13,Paid,0.0,45
106,C1003,good,2025-10-28,2025-12-12,3791.4,2025-12-14,Paid,0.0,45
107,C1003,good,2025-12-08,2026-01-22,4804.43,2026-01-30,Paid,0.0,45
108,C1003,good,2025-11-04,2025-12-19,4581.23,2025-12-22,Paid,0.0,45
109,C1003,good,2026-02-12,2026-03-29,716.89,2026-03-26,Paid,0.0,45
110,C1003,good,2025-10-26,2025-12-10,4448.41,2025-12-10,Paid,0.0,45
111,C1003,good,2026-02-16,2026-04-02,1903.11,2026-04-06,Paid,0.0,45
112,C1003,good,2026-01-04,2026-02-18,1243.3,2026-02-27,Paid,0.0,45
113,C1003,good,2026-03-09,2026-04-23,4534.72,,Open,4534.72,45
114,C1003,good,2026-02-04,2026-03-21,2420.39,2026-03-17,Paid,0.0,45
115,C1003,good,2025-12-30,2026-02-13,3727.19,2026-02-19,Paid,0.0,45
116,C1004,good,2026-03-30,2026-05-29,2858.78,2026-05-26,Paid,0.0,60
117,C1004,good,2025-10-31,2025-12-30,954.71,2025-12-27,Paid,0.0,60
118,C1004,good,2026-03-05,2026-05-04,4861.53,2026-05-01,Paid,0.0,60
119,C1004,good,2026-02-07,2026-04-08,4870.43,2026-04-15,Paid,0.0,60
120,C1004,good,2025-12-20,2026-02-18,2287.58,2026-02-23,Paid,0.0,60
121,C1004,good,2025-11-01,2025-12-31,4589.98,,Open,4589.98,60
122,C1004,good,2025-11-07,2026-01-06,2903.25,2026-01-04,Paid,0.0,60
123,C1004,good,2026-01-28,2026-03-29,1616.97,2026-03-24,Paid,0.0,60
124,C1004,good,2025-11-25,2026-01-24,2474.48,,Open,2474.48,60
125,C1004,good,2025-11-05,2026-01-04,1590.08,2026-01-07,Paid,0.0,60
126,C1004,good,2026-01-27,2026-03-28,1167.85,2026-03-29,Paid,0.0,60
127,C1004,good,2025-11-11,2026-01-10,3908.39,2026-01-19,Paid,0.0,60
128,C1004,good,2026-02-25,2026-04-26,2954.2,2026-05-06,Paid,0.0,60
129,C1004,good,2026-03-09,2026-05-08,3960.8,2026-05-15,Paid,0.0,60
130,C1004,good,2026-03-13,2026-05-12,4568.08,,Open,4568.08,60
131,C1004,good,2026-04-06,2026-06-05,2953.79,,Open,2953.79,60
132,C1004,good,2026-01-04,2026-03-05,3076.6,2026-03-09,Paid,0.0,60
133,C1004,good,2026-01-08,2026-03-09,3913.75,,Open,3913.75,60
134,C1004,good,2025-12-17,2026-02-15,3730.85,2026-02-21,Paid,0.0,60
135,C1004,good,2025-12-28,2026-02-26,2027.14,,Open,2027.14,60
136,C1004,good,2026-01-03,2026-03-04,2220.74,2026-02-27,Paid,0.0,60
137,C1004,good,2025-10-29,2025-12-28,3191.74,2025-12-29,Paid,0.0,60
138,C1004,good,2025-12-12,2026-02-10,3203.75,2026-02-18,Paid,0.0,60
139,C1004,good,2026-01-21,2026-03-22,3663.01,2026-03-31,Paid,0.0,60
140,C1004,good,2025-11-25,2026-01-24,1388.13,2026-01-19,Paid,0.0,60
141,C1004,good,2025-11-12,2026-01-11,2416.41,2026-01-18,Paid,0.0,60
142,C1004,good,2025-11-01,2025-12-31,3129.93,2025-12-28,Paid,0.0,60
143,C1004,good,2026-02-05,2026-04-06,3381.6,2026-04-10,Paid,0.0,60
144,C1004,good,2025-12-26,2026-02-24,3745.78,2026-02-23,Paid,0.0,60
145,C1004,good,2025-12-29,2026-02-27,4021.13,2026-02-27,Paid,0.0,60
146,C1004,good,2025-11-06,2026-01-05,545.58,2026-01-08,Paid,0.0,60
147,C1004,good,2025-12-25,2026-02-23,4432.74,,Open,4432.74,60
148,C1004,good,2026-02-02,2026-04-03,2680.44,2026-04-12,Paid,0.0,60
149,C1004,good,2026-01-30,2026-03-31,2796.26,,Open,2796.26,60
150,C1004,good,2026-03-23,2026-05-22,3455.8,,Open,3455.8,60
151,C1004,good,2026-02-27,2026-04-28,3607.01,2026-05-05,Paid,0.0,60
152,C1004,good,2026-01-29,2026-03-30,3222.47,2026-03-31,Paid,0.0,60
153,C1004,good,2026-02-08,2026-04-09,4487.11,,Open,4487.11,60
154,C1005,late,2025-11-18,2026-01-02,3815.27,2026-01-27,Paid,0.0,45
155,C1005,late,2025-11-18,2026-01-02,1713.92,2026-02-25,Paid,0.0,45
156,C1005,late,2025-12-30,2026-02-13,3024.7,2026-03-11,Paid,0.0,45
157,C1005,late,2026-02-02,2026-03-19,4400.23,2026-04-24,Paid,0.0,45
158,C1005,late,2026-02-02,2026-03-19,4837.05,2026-05-18,Paid,0.0,45
159,C1005,late,2025-10-22,2025-12-06,637.41,2026-01-29,Paid,0.0,45
160,C1005,late,2025-12-20,2026-02-03,4699.06,2026-03-05,Paid,0.0,45
161,C1005,late,2026-02-20,2026-04-06,826.43,2026-05-01,Paid,0.0,45
162,C1005,late,2025-11-12,2025-12-27,2496.09,2026-01-20,Paid,0.0,45
163,C1005,late,2026-02-01,2026-03-18,2567.26,,Open,2567.26,45
164,C1005,late,2026-03-05,2026-04-19,4522.42,2026-06-01,Paid,0.0,45
165,C1005,late,2025-12-28,2026-02-11,1582.22,2026-04-12,Paid,0.0,45
166,C1005,late,2026-01-21,2026-03-07,807.02,2026-04-05,Paid,0.0,45
167,C1005,late,2025-12-04,2026-01-18,4678.73,,Open,4678.73,45
168,C1005,late,2025-11-08,2025-12-23,604.78,2026-01-20,Paid,0.0,45
169,C1005,late,2025-12-04,2026-01-18,3667.66,2026-03-13,Paid,0.0,45
170,C1005,late,2025-10-22,2025-12-06,4270.41,2025-12-28,Paid,0.0,45
171,C1005,late,2026-02-24,2026-04-10,928.54,2026-05-20,Paid,0.0,45
172,C1005,late,2025-12-15,2026-01-29,2200.52,2026-02-23,Paid,0.0,45
173,C1005,late,2026-02-08,2026-03-25,4190.67,2026-05-08,Paid,0.0,45
174,C1005,late,2025-12-31,2026-02-14,1453.58,2026-04-15,Paid,0.0,45
175,C1005,late,2025-12-03,2026-01-17,3171.28,2026-02-14,Paid,0.0,45
176,C1005,late,2026-03-29,2026-05-13,569.35,2026-05-28,Paid,0.0,45
177,C1005,late,2026-01-18,2026-03-04,4499.73,2026-04-25,Paid,0.0,45
178,C1005,late,2026-02-18,2026-04-04,2299.68,,Open,2299.68,45
179,C1005,late,2026-04-02,2026-05-17,568.31,2026-06-10,Paid,0.0,45
180,C1005,late,2025-11-22,2026-01-06,757.04,2026-02-14,Paid,0.0,45
181,C1005,late,2026-03-20,2026-05-04,2583.0,2026-06-07,Paid,0.0,45
182,C1005,late,2026-03-31,2026-05-15,2916.41,2026-07-02,Paid,0.0,45
183,C1005,late,2026-03-30,2026-05-14,4700.21,2026-06-05,Paid,0.0,45
184,C1005,late,2026-02-20,2026-04-06,624.3,,Open,624.3,45
185,C1006,late,2025-10-22,2025-12-21,2513.81,2026-01-26,Paid,0.0,60
186,C1006,late,2026-02-02,2026-04-03,3387.21,2026-05-03,Paid,0.0,60
187,C1006,late,2025-11-10,2026-01-09,4708.25,,Open,4708.25,60
188,C1006,late,2025-12-21,2026-02-19,3224.09,2026-04-10,Paid,0.0,60
189,C1006,late,2026-03-25,2026-05-24,4572.71,2026-07-13,Paid,0.0,60
190,C1006,late,2026-02-17,2026-04-18,3702.42,2026-06-06,Paid,0.0,60
191,C1006,late,2025-10-22,2025-12-21,815.38,2026-01-22,Paid,0.0,60
192,C1006,late,2026-03-22,2026-05-21,1632.11,,Open,1632.11,60
193,C1006,late,2026-02-16,2026-04-17,4345.56,,Open,4345.56,60
194,C1006,late,2026-03-17,2026-05-16,4605.6,2026-07-02,Paid,0.0,60
195,C1006,late,2026-01-05,2026-03-06,946.77,,Open,946.77,60
196,C1006,late,2025-11-24,2026-01-23,649.34,,Open,649.34,60
197,C1006,late,2025-12-29,2026-02-27,3935.31,,Open,3935.31,60
198,C1006,late,2025-11-26,2026-01-25,1714.95,2026-02-25,Paid,0.0,60
199,C1006,late,2026-03-19,2026-05-18,1858.28,,Open,1858.28,60
200,C1006,late,2026-02-02,2026-04-03,1909.43,2026-04-26,Paid,0.0,60
201,C1006,late,2026-01-02,2026-03-03,4131.14,2026-04-30,Paid,0.0,60
202,C1006,late,2025-12-22,2026-02-20,4286.24,2026-04-08,Paid,0.0,60
203,C1006,late,2026-01-15,2026-03-16,4653.67,2026-05-02,Paid,0.0,60
204,C1006,late,2025-11-11,2026-01-10,2665.19,2026-02-02,Paid,0.0,60
205,C1006,late,2025-12-16,2026-02-14,2856.86,2026-04-05,Paid,0.0,60
206,C1007,good,2026-02-28,2026-04-14,1399.88,2026-04-21,Paid,0.0,45
207,C1007,good,2026-03-16,2026-04-30,2342.76,2026-04-29,Paid,0.0,45
208,C1007,good,2026-03-29,2026-05-13,1852.23,2026-05-18,Paid,0.0,45
209,C1007,good,2026-01-18,2026-03-04,2086.77,2026-03-09,Paid,0.0,45
210,C1007,good,2025-11-27,2026-01-11,2754.76,,Open,2754.76,45
211,C1007,good,2026-01-16,2026-03-02,4031.18,2026-02-27,Paid,0.0,45
212,C1007,good,2026-01-28,2026-03-14,2658.64,2026-03-20,Paid,0.0,45
213,C1007,good,2026-01-02,2026-02-16,4170.33,2026-02-13,Paid,0.0,45
214,C1007,good,2026-03-26,2026-05-10,1105.62,2026-05-20,Paid,0.0,45
215,C1007,good,2026-02-04,2026-03-21,4027.77,2026-03-26,Paid,0.0,45
216,C1007,good,2025-10-27,2025-12-11,2165.61,2025-12-15,Paid,0.0,45
217,C1007,good,2026-01-12,2026-02-26,2894.58,,Open,2894.58,45
218,C1007,good,2026-02-04,2026-03-21,3592.59,2026-03-20,Paid,0.0,45
219,C1007,good,2026-02-21,2026-04-07,3948.46,2026-04-03,Paid,0.0,45
220,C1007,good,2025-11-21,2026-01-05,3565.93,2026-01-03,Paid,0.0,45
221,C1007,good,2026-03-23,2026-05-07,3344.63,2026-05-04,Paid,0.0,45
222,C1007,good,2026-02-13,2026-03-30,3394.58,2026-03-30,Paid,0.0,45
223,C1007,good,2025-12-20,2026-02-03,598.32,2026-02-09,Paid,0.0,45
224,C1007,good,2025-12-06,2026-01-20,3696.25,2026-01-24,Paid,0.0,45
225,C1007,good,2026-02-17,2026-04-03,3191.35,2026-04-05,Paid,0.0,45
226,C1007,good,2026-01-06,2026-02-20,2950.14,2026-02-21,Paid,0.0,45
227,C1007,good,2026-03-22,2026-05-06,4163.15,2026-05-09,Paid,0.0,45
228,C1007,good,2026-04-07,2026-05-22,3860.52,2026-05-29,Paid,0.0,45
229,C1007,good,2025-12-06,2026-01-20,843.86,,Open,843.86,45
230,C1007,good,2025-12-13,2026-01-27,528.81,2026-01-31,Paid,0.0,45
231,C1007,good,2025-10-27,2025-12-11,524.78,2025-12-09,Paid,0.0,45
232,C1007,good,2025-11-29,2026-01-13,4492.36,2026-01-18,Paid,0.0,45
233,C1007,good,2025-11-21,2026-01-05,3402.72,2026-01-09,Paid,0.0,45
234,C1007,good,2025-11-22,2026-01-06,4728.32,2026-01-14,Paid,0.0,45
235,C1007,good,2025-11-12,2025-12-27,1884.92,,Open,1884.92,45
236,C1007,good,2025-12-17,2026-01-31,3138.2,2026-01-31,Paid,0.0,45
237,C1007,good,2026-04-07,2026-05-22,4975.39,2026-05-18,Paid,0.0,45
238,C1007,good,2025-12-28,2026-02-11,1767.0,2026-02-06,Paid,0.0,45
239,C1007,good,2026-03-17,2026-05-01,4308.55,2026-05-08,Paid,0.0,45
240,C1007,good,2026-01-30,2026-03-16,4081.58,2026-03-22,Paid,0.0,45
241,C1007,good,2025-12-07,2026-01-21,3958.86,2026-01-28,Paid,0.0,45
242,C1007,good,2026-03-11,2026-04-25,2676.76,2026-04-24,Paid,0.0,45
243,C1007,good,2026-04-05,2026-05-20,4977.52,2026-05-23,Paid,0.0,45
244,C1008,good,2026-01-26,2026-03-27,4773.33,2026-04-04,Paid,0.0,60
245,C1008,good,2025-11-29,2026-01-28,1792.75,2026-02-05,Paid,0.0,60
246,C1008,good,2025-12-20,2026-02-18,2011.57,2026-02-28,Paid,0.0,60
247,C1008,good,2025-12-05,2026-02-03,4772.06,2026-02-10,Paid,0.0,60
248,C1008,good,2026-03-17,2026-05-16,789.99,2026-05-17,Paid,0.0,60
249,C1008,good,2026-02-10,2026-04-11,3785.74,2026-04-09,Paid,0.0,60
250,C1008,good,2025-12-08,2026-02-06,3986.17,2026-02-04,Paid,0.0,60
251,C1008,good,2026-02-21,2026-04-22,4254.63,2026-04-19,Paid,0.0,60
252,C1008,good,2026-03-27,2026-05-26,2973.18,2026-06-03,Paid,0.0,60
253,C1008,good,2025-10-25,2025-12-24,4863.2,2025-12-22,Paid,0.0,60
254,C1008,good,2025-12-23,2026-02-21,4257.09,2026-02-19,Paid,0.0,60
255,C1008,good,2026-01-28,2026-03-29,1305.69,2026-03-25,Paid,0.0,60
256,C1008,good,2025-10-27,2025-12-26,892.37,,Open,892.37,60
257,C1008,good,2025-12-16,2026-02-14,1824.12,2026-02-24,Paid,0.0,60
258,C1008,good,2026-03-11,2026-05-10,3227.5,,Open,3227.5,60
259,C1008,good,2026-01-01,2026-03-02,3261.36,,Open,3261.36,60
260,C1008,good,2026-02-03,2026-04-04,2374.72,2026-04-08,Paid,0.0,60
261,C1008,good,2025-10-29,2025-12-28,4527.52,2025-12-29,Paid,0.0,60
262,C1008,good,2025-11-01,2025-12-31,2016.9,,Open,2016.9,60
263,C1008,good,2025-10-23,2025-12-22,2060.95,,Open,2060.95,60
264,C1008,good,2025-10-31,2025-12-30,2481.13,2025-12-28,Paid,0.0,60
265,C1008,good,2026-01-29,2026-03-30,1716.52,2026-04-01,Paid,0.0,60
266,C1008,good,2026-03-07,2026-05-06,1653.42,2026-05-14,Paid,0.0,60
267,C1008,good,2025-11-07,2026-01-06,4565.73,2026-01-02,Paid,0.0,60
268,C1008,good,2025-11-05,2026-01-04,2792.15,2026-01-12,Paid,0.0,60
269,C1008,good,2025-12-08,2026-02-06,3629.4,2026-02-09,Paid,0.0,60
270,C1008,good,2025-12-03,2026-02-01,2154.58,2026-02-11,Paid,0.0,60
271,C1008,good,2026-02-23,2026-04-24,3225.79,2026-04-24,Paid,0.0,60
272,C1008,good,2025-11-12,2026-01-11,3623.77,,Open,3623.77,60
273,C1008,good,2026-01-16,2026-03-17,2878.17,2026-03-16,Paid,0.0,60
274,C1008,good,2026-02-14,2026-04-15,1919.15,2026-04-25,Paid,0.0,60
275,C1008,good,2026-03-10,2026-05-09,1075.65,2026-05-08,Paid,0.0,60
276,C1008,good,2026-02-11,2026-04-12,896.13,2026-04-08,Paid,0.0,60
277,C1008,good,2026-03-11,2026-05-10,1518.12,2026-05-11,Paid,0.0,60
278,C1008,good,2025-10-23,2025-12-22,4479.29,2025-12-30,Paid,0.0,60
279,C1008,good,2026-04-04,2026-06-03,4197.76,,Open,4197.76,60
280,C1008,good,2026-02-11,2026-04-12,1760.78,2026-04-17,Paid,0.0,60
281,C1008,good,2025-11-28,2026-01-27,2206.74,2026-01-25,Paid,0.0,60
282,C1008,good,2026-03-05,2026-05-04,1010.3,2026-05-03,Paid,0.0,60
283,C1008,good,2026-03-30,2026-05-29,2061.51,2026-05-26,Paid,0.0,60
284,C1009,good,2026-02-05,2026-03-22,1712.02,2026-03-18,Paid,0.0,45
285,C1009,good,2026-03-20,2026-05-04,1125.66,2026-05-11,Paid,0.0,45
286,C1009,good,2025-10-28,2025-12-12,3610.86,2025-12-10,Paid,0.0,45
287,C1009,good,2026-01-29,2026-03-15,535.83,2026-03-20,Paid,0.0,45
288,C1009,good,2026-03-12,2026-04-26,2085.63,2026-04-25,Paid,0.0,45
289,C1009,good,2026-01-30,2026-03-16,2323.23,2026-03-26,Paid,0.0,45
290,C1009,good,2025-11-23,2026-01-07,4702.54,2026-01-11,Paid,0.0,45
291,C1009,good,2025-10-30,2025-12-14,1862.02,,Open,1862.02,45
292,C1009,good,2025-11-30,2026-01-14,994.41,2026-01-16,Paid,0.0,45
293,C1009,good,2025-12-19,2026-02-02,1735.22,2026-01-28,Paid,0.0,45
294,C1009,good,2026-01-30,2026-03-16,4751.75,2026-03-19,Paid,0.0,45
295,C1009,good,2025-12-27,2026-02-10,3689.93,,Open,3689.93,45
296,C1009,good,2025-11-21,2026-01-05,2134.14,2025-12-31,Paid,0.0,45
297,C1009,good,2025-12-16,2026-01-30,3570.86,,Open,3570.86,45
298,C1009,good,2025-11-12,2025-12-27,1138.67,2025-12-28,Paid,0.0,45
299,C1009,good,2026-01-14,2026-02-28,2142.91,,Open,2142.91,45
300,C1009,good,2026-01-02,2026-02-16,4249.09,,Open,4249.09,45
301,C1009,good,2025-11-07,2025-12-22,1153.15,2025-12-26,Paid,0.0,45
302,C1009,good,2025-10-28,2025-12-12,3216.58,2025-12-07,Paid,0.0,45
303,C1009,good,2026-04-07,2026-05-22,4638.57,2026-05-21,Paid,0.0,45
304,C1009,good,2025-11-17,2026-01-01,4740.31,2025-12-30,Paid,0.0,45
305,C1009,good,2025-12-20,2026-02-03,3193.52,2026-02-11,Paid,0.0,45
306,C1009,good,2026-01-05,2026-02-19,2337.94,,Open,2337.94,45
307,C1009,good,2025-12-10,2026-01-24,4006.13,2026-01-19,Paid,0.0,45
308,C1009,good,2026-03-12,2026-04-26,3143.26,2026-05-02,Paid,0.0,45
309,C1010,late,2026-02-06,2026-03-23,4673.91,2026-05-16,Paid,0.0,45
310,C1010,late,2025-11-17,2026-01-01,4783.86,,Open,4783.86,45
311,C1010,late,2026-03-30,2026-05-14,4623.54,2026-06-18,Paid,0.0,45
312,C1010,late,2026-01-11,2026-02-25,1640.71,2026-04-21,Paid,0.0,45
313,C1010,late,2026-03-26,2026-05-10,3276.29,2026-06-20,Paid,0.0,45
314,C1010,late,2026-01-24,2026-03-10,3892.58,2026-04-15,Paid,0.0,45
315,C1010,late,2026-02-08,2026-03-25,3357.19,,Open,3357.19,45
316,C1010,late,2026-01-12,2026-02-26,3528.66,,Open,3528.66,45
317,C1010,late,2025-10-27,2025-12-11,3316.57,2026-01-16,Paid,0.0,45
318,C1010,late,2026-03-09,2026-04-23,4888.4,2026-05-09,Paid,0.0,45
319,C1010,late,2026-02-15,2026-04-01,2224.57,2026-04-27,Paid,0.0,45
320,C1010,late,2026-02-10,2026-03-27,948.63,2026-05-02,Paid,0.0,45
321,C1010,late,2026-01-15,2026-03-01,3454.77,2026-04-28,Paid,0.0,45
322,C1010,late,2025-12-10,2026-01-24,2162.97,2026-03-21,Paid,0.0,45
323,C1010,late,2026-02-19,2026-04-05,2443.96,2026-05-15,Paid,0.0,45
324,C1010,late,2025-11-14,2025-12-29,2697.25,2026-01-30,Paid,0.0,45
325,C1010,late,2026-03-02,2026-04-16,553.74,,Open,553.74,45
326,C1010,late,2026-04-03,2026-05-18,3435.81,2026-06-13,Paid,0.0,45
327,C1010,late,2026-01-03,2026-02-17,3502.5,2026-03-22,Paid,0.0,45
328,C1010,late,2026-03-01,2026-04-15,4874.45,2026-05-06,Paid,0.0,45
329,C1010,late,2026-04-05,2026-05-20,2589.94,2026-07-14,Paid,0.0,45
330,C1010,late,2026-02-10,2026-03-27,2919.79,2026-05-06,Paid,0.0,45
331,C1010,late,2025-11-21,2026-01-05,4117.38,2026-02-16,Paid,0.0,45
332,C1010,late,2025-10-22,2025-12-06,1305.74,2026-02-01,Paid,0.0,45
333,C1010,late,2025-11-23,2026-01-07,4709.43,,Open,4709.43,45
334,C1010,late,2025-11-11,2025-12-26,597.08,2026-01-23,Paid,0.0,45
335,C1010,late,2026-03-30,2026-05-14,4711.02,2026-06-10,Paid,0.0,45
336,C1010,late,2025-11-04,2025-12-19,3441.01,,Open,3441.01,45
337,C1010,late,2025-12-29,2026-02-12,4007.65,2026-03-06,Paid,0.0,45
338,C1010,late,2026-03-28,2026-05-12,2241.44,,Open,2241.44,45
339,C1010,late,2025-12-08,2026-01-22,702.41,2026-03-11,Paid,0.0,45
340,C1010,late,2026-04-06,2026-05-21,593.83,2026-06-24,Paid,0.0,45
341,C1010,late,2025-12-24,2026-02-07,1250.14,2026-03-02,Paid,0.0,45
342,C1010,late,2026-01-18,2026-03-04,3967.7,2026-04-28,Paid,0.0,45
343,C1010,late,2025-12-02,2026-01-16,4113.7,,Open,4113.7,45
344,C1010,late,2025-12-29,2026-02-12,3643.45,2026-03-11,Paid,0.0,45
345,C1010,late,2026-01-28,2026-03-14,2119.96,2026-04-07,Paid,0.0,45
346,C1011,late,2025-11-01,2025-12-01,876.49,2026-01-08,Paid,0.0,30
347,C1011,late,2026-03-04,2026-04-03,1663.11,2026-05-04,Paid,0.0,30
348,C1011,late,2026-01-28,2026-02-27,3044.61,,Open,3044.61,30
349,C1011,late,2026-03-07,2026-04-06,4814.66,,Open,4814.66,30
350,C1011,late,2025-11-12,2025-12-12,2919.01,2026-01-08,Paid,0.0,30
351,C1011,late,2026-02-07,2026-03-09,3099.25,2026-04-28,Paid,0.0,30
352,C1011,late,2026-02-18,2026-03-20,871.56,,Open,871.56,30
353,C1011,late,2025-10-21,2025-11-20,758.86,2025-12-30,Paid,0.0,30
354,C1011,late,2026-03-05,2026-04-04,3159.52,2026-04-27,Paid,0.0,30
355,C1011,late,2025-11-21,2025-12-21,833.75,2026-01-20,Paid,0.0,30
356,C1011,late,2026-03-05,2026-04-04,1785.52,2026-05-31,Paid,0.0,30
357,C1011,late,2025-12-29,2026-01-28,2105.88,2026-02-23,Paid,0.0,30
358,C1011,late,2026-03-04,2026-04-03,2064.74,2026-05-22,Paid,0.0,30
359,C1011,late,2025-11-29,2025-12-29,4223.09,2026-01-26,Paid,0.0,30
360,C1011,late,2026-04-04,2026-05-04,1806.33,2026-06-27,Paid,0.0,30
361,C1011,late,2025-11-03,2025-12-03,2176.85,2026-01-15,Paid,0.0,30
362,C1011,late,2026-03-26,2026-04-25,734.29,,Open,734.29,30
363,C1011,late,2026-03-07,2026-04-06,4804.88,2026-05-31,Paid,0.0,30
364,C1011,late,2026-03-12,2026-04-11,4342.94,2026-06-05,Paid,0.0,30
365,C1011,late,2026-02-15,2026-03-17,2769.05,,Open,2769.05,30
366,C1011,late,2026-02-14,2026-03-16,4186.77,2026-04-24,Paid,0.0,30
367,C1011,late,2025-11-28,2025-12-28,1102.8,2026-02-26,Paid,0.0,30
368,C1011,late,2026-04-09,2026-05-09,3729.7,2026-06-05,Paid,0.0,30
369,C1011,late,2025-11-16,2025-12-16,2201.22,2026-01-30,Paid,0.0,30
370,C1011,late,2026-02-09,2026-03-11,1704.47,,Open,1704.47,30
371,C1011,late,2025-11-19,2025-12-19,2762.9,2026-01-29,Paid,0.0,30
372,C1011,late,2025-10-22,2025-11-21,2395.36,2025-12-23,Paid,0.0,30
373,C1011,late,2026-03-07,2026-04-06,1339.94,2026-04-22,Paid,0.0,30
374,C1011,late,2026-03-29,2026-04-28,2698.05,2026-06-07,Paid,0.0,30
375,C1011,late,2025-11-23,2025-12-23,4200.56,2026-01-28,Paid,0.0,30
376,C1011,late,2026-03-16,2026-04-15,847.01,2026-05-02,Paid,0.0,30
377,C1011,late,2025-12-17,2026-01-16,1349.56,2026-02-11,Paid,0.0,30
378,C1011,late,2026-02-20,2026-03-22,4313.06,2026-04-30,Paid,0.0,30
379,C1011,late,2026-02-18,2026-03-20,1547.23,2026-05-16,Paid,0.0,30
380,C1011,late,2026-03-24,2026-04-23,2034.67,2026-05-11,Paid,0.0,30
381,C1011,late,2025-11-04,2025-12-04,1295.51,2025-12-28,Paid,0.0,30
382,C1011,late,2026-01-26,2026-02-25,2611.2,2026-04-18,Paid,0.0,30
383,C1011,late,2025-11-16,2025-12-16,2283.35,2026-01-25,Paid,0.0,30
384,C1011,late,2025-11-14,2025-12-14,3407.48,2026-01-23,Paid,0.0,30
385,C1012,late,2025-11-19,2026-01-03,4764.43,,Open,4764.43,45
386,C1012,late,2026-01-22,2026-03-08,3149.07,2026-04-12,Paid,0.0,45
387,C1012,late,2025-11-08,2025-12-23,3152.0,,Open,3152.0,45
388,C1012,late,2025-11-05,2025-12-20,4042.08,2026-01-27,Paid,0.0,45
389,C1012,late,2025-11-27,2026-01-11,4058.95,2026-03-03,Paid,0.0,45
390,C1012,late,2026-03-31,2026-05-15,3082.17,,Open,3082.17,45
391,C1012,late,2026-01-14,2026-02-28,2015.14,2026-04-07,Paid,0.0,45
392,C1012,late,2026-04-01,2026-05-16,3368.59,,Open,3368.59,45
393,C1012,late,2025-10-29,2025-12-13,876.93,2026-01-31,Paid,0.0,45
394,C1012,late,2025-12-02,2026-01-16,4635.97,,Open,4635.97,45
395,C1012,late,2026-02-27,2026-04-13,4594.36,2026-05-21,Paid,0.0,45
396,C1012,late,2025-11-12,2025-12-27,1166.97,2026-01-17,Paid,0.0,45
397,C1012,late,2025-11-30,2026-01-14,2393.87,2026-02-21,Paid,0.0,45
398,C1012,late,2026-02-02,2026-03-19,3239.77,2026-04-05,Paid,0.0,45
399,C1012,late,2025-10-30,2025-12-14,1609.92,2026-01-14,Paid,0.0,45
400,C1012,late,2025-12-29,2026-02-12,2976.74,2026-04-04,Paid,0.0,45
401,C1013,good,2026-02-25,2026-03-27,4569.8,2026-03-30,Paid,0.0,30
402,C1013,good,2026-03-08,2026-04-07,1770.93,2026-04-10,Paid,0.0,30
403,C1013,good,2026-03-15,2026-04-14,1747.08,,Open,1747.08,30
404,C1013,good,2025-11-29,2025-12-29,1855.95,2025-12-30,Paid,0.0,30
405,C1013,good,2026-03-21,2026-04-20,2978.21,2026-04-25,Paid,0.0,30
406,C1013,good,2025-11-28,2025-12-28,1099.64,2026-01-06,Paid,0.0,30
407,C1013,good,2026-03-31,2026-04-30,629.19,2026-05-05,Paid,0.0,30
408,C1013,good,2026-02-27,2026-03-29,4490.92,2026-03-25,Paid,0.0,30
409,C1013,good,2025-10-22,2025-11-21,3332.43,,Open,3332.43,30
410,C1013,good,2026-02-18,2026-03-20,1547.78,2026-03-19,Paid,0.0,30
411,C1013,good,2025-12-01,2025-12-31,1050.98,2026-01-03,Paid,0.0,30
412,C1013,good,2026-03-26,2026-04-25,2125.88,2026-05-04,Paid,0.0,30
413,C1013,good,2025-11-03,2025-12-03,3754.55,2025-12-05,Paid,0.0,30
414,C1013,good,2025-10-29,2025-11-28,542.08,,Open,542.08,30
415,C1013,good,2026-02-04,2026-03-06,4544.08,,Open,4544.08,30
416,C1013,good,2026-03-19,2026-04-18,2859.37,,Open,2859.37,30
417,C1013,good,2025-11-25,2025-12-25,1401.13,2026-01-03,Paid,0.0,30
418,C1013,good,2025-12-05,2026-01-04,2776.52,2026-01-09,Paid,0.0,30
419,C1013,good,2025-10-24,2025-11-23,830.65,,Open,830.65,30
420,C1013,good,2025-11-01,2025-12-01,1836.33,2025-12-09,Paid,0.0,30
421,C1013,good,2026-01-06,2026-02-05,604.27,2026-01-31,Paid,0.0,30
422,C1013,good,2025-10-23,2025-11-22,3315.33,2025-11-30,Paid,0.0,30
423,C1013,good,2025-11-11,2025-12-11,2046.21,2025-12-08,Paid,0.0,30
424,C1013,good,2026-02-19,2026-03-21,3657.31,2026-03-31,Paid,0.0,30
425,C1013,good,2025-11-05,2025-12-05,3036.26,2025-12-15,Paid,0.0,30
426,C1013,good,2025-11-13,2025-12-13,4573.48,2025-12-22,Paid,0.0,30
427,C1013,good,2026-02-26,2026-03-28,4244.36,2026-04-01,Paid,0.0,30
428,C1013,good,2025-12-29,2026-01-28,3233.22,2026-01-31,Paid,0.0,30
429,C1013,good,2026-04-06,2026-05-06,3220.72,2026-05-02,Paid,0.0,30
430,C1013,good,2025-12-13,2026-01-12,4513.58,2026-01-14,Paid,0.0,30
431,C1013,good,2026-02-15,2026-03-17,3647.77,2026-03-22,Paid,0.0,30
432,C1013,good,2025-10-31,2025-11-30,1151.76,,Open,1151.76,30
433,C1013,good,2026-03-12,2026-04-11,2103.44,2026-04-06,Paid,0.0,30
434,C1013,good,2025-11-22,2025-12-22,3839.21,2025-12-26,Paid,0.0,30
435,C1013,good,2026-01-16,2026-02-15,2021.71,2026-02-11,Paid,0.0,30
436,C1013,good,2026-03-20,2026-04-19,1978.88,,Open,1978.88,30
437,C1013,good,2026-01-24,2026-02-23,4817.65,2026-02-28,Paid,0.0,30
438,C1014,good,2025-11-14,2026-01-13,3383.46,2026-01-17,Paid,0.0,60
439,C1014,good,2025-12-23,2026-02-21,4672.13,2026-03-02,Paid,0.0,60
440,C1014,good,2026-03-22,2026-05-21,4731.25,2026-05-29,Paid,0.0,60
441,C1014,good,2025-11-05,2026-01-04,690.01,2026-01-06,Paid,0.0,60
442,C1014,good,2026-02-06,2026-04-07,3709.18,2026-04-14,Paid,0.0,60
443,C1014,good,2026-03-02,2026-05-01,3740.39,2026-05-05,Paid,0.0,60
444,C1014,good,2026-01-07,2026-03-08,506.58,2026-03-12,Paid,0.0,60
445,C1014,good,2026-02-25,2026-04-26,3538.63,2026-04-21,Paid,0.0,60
446,C1014,good,2025-12-19,2026-02-17,2992.53,2026-02-27,Paid,0.0,60
447,C1014,good,2025-11-06,2026-01-05,1001.83,2026-01-09,Paid,0.0,60
448,C1014,good,2025-10-22,2025-12-21,1742.55,2025-12-16,Paid,0.0,60
449,C1014,good,2026-03-18,2026-05-17,3374.17,2026-05-15,Paid,0.0,60
450,C1014,good,2025-11-05,2026-01-04,3865.58,2026-01-07,Paid,0.0,60
451,C1014,good,2026-02-09,2026-04-10,743.95,,Open,743.95,60
452,C1014,good,2026-03-28,2026-05-27,4903.27,2026-05-24,Paid,0.0,60
453,C1014,good,2026-03-25,2026-05-24,2403.24,,Open,2403.24,60
454,C1014,good,2026-04-07,2026-06-06,656.94,2026-06-11,Paid,0.0,60
455,C1014,good,2026-04-05,2026-06-04,3251.83,2026-06-05,Paid,0.0,60
456,C1014,good,2026-01-31,2026-04-01,1829.13,2026-04-04,Paid,0.0,60
457,C1014,good,2026-02-22,2026-04-23,1448.37,2026-04-19,Paid,0.0,60
458,C1014,good,2025-11-18,2026-01-17,3652.48,2026-01-13,Paid,0.0,60
459,C1014,good,2025-12-26,2026-02-24,1038.86,2026-02-24,Paid,0.0,60
460,C1014,good,2026-03-17,2026-05-16,3926.69,2026-05-17,Paid,0.0,60
461,C1014,good,2026-01-22,2026-03-23,4575.62,,Open,4575.62,60
462,C1014,good,2026-01-19,2026-03-20,4451.23,,Open,4451.23,60
463,C1014,good,2025-12-17,2026-02-15,1175.26,2026-02-11,Paid,0.0,60
464,C1014,good,2026-01-11,2026-03-12,762.4,2026-03-09,Paid,0.0,60
465,C1014,good,2026-02-10,2026-04-11,3491.45,,Open,3491.45,60
466,C1014,good,2026-03-27,2026-05-26,3857.73,,Open,3857.73,60
467,C1014,good,2026-02-12,2026-04-13,4722.78,2026-04-16,Paid,0.0,60
468,C1014,good,2026-02-05,2026-04-06,3751.66,2026-04-09,Paid,0.0,60
469,C1014,good,2026-01-16,2026-03-17,2074.66,2026-03-26,Paid,0.0,60
470,C1014,good,2025-10-23,2025-12-22,4402.63,2025-12-29,Paid,0.0,60
471,C1014,good,2026-01-01,2026-03-02,902.2,2026-03-04,Paid,0.0,60
472,C1014,good,2025-12-05,2026-02-03,4448.12,2026-02-03,Paid,0.0,60
473,C1014,good,2026-03-11,2026-05-10,1578.73,2026-05-18,Paid,0.0,60
474,C1014,good,2025-11-24,2026-01-23,1867.15,2026-01-28,Paid,0.0,60
475,C1014,good,2026-01-05,2026-03-06,2341.66,2026-03-12,Paid,0.0,60
476,C1015,late,2026-04-05,2026-05-20,2166.3,,Open,2166.3,45
477,C1015,late,2025-11-15,2025-12-30,1070.41,2026-02-18,Paid,0.0,45
478,C1015,late,2026-03-02,2026-04-16,1251.19,2026-06-11,Paid,0.0,45
479,C1015,late,2026-03-06,2026-04-20,1225.02,2026-06-13,Paid,0.0,45
480,C1015,late,2026-01-08,2026-02-22,3402.76,2026-03-19,Paid,0.0,45
481,C1015,late,2025-12-09,2026-01-23,1893.83,,Open,1893.83,45
482,C1015,late,2026-01-09,2026-02-23,4488.57,2026-03-16,Paid,0.0,45
483,C1015,late,2026-01-19,2026-03-05,811.35,2026-03-31,Paid,0.0,45
484,C1015,late,2026-04-01,2026-05-16,4933.07,2026-06-12,Paid,0.0,45
485,C1015,late,2026-01-06,2026-02-20,2784.86,2026-03-29,Paid,0.0,45
486,C1015,late,2025-12-02,2026-01-16,3321.69,2026-03-14,Paid,0.0,45
487,C1015,late,2025-10-24,2025-12-08,1041.87,,Open,1041.87,45
488,C1015,late,2026-01-30,2026-03-16,4483.63,2026-05-15,Paid,0.0,45
489,C1015,late,2026-02-15,2026-04-01,780.71,2026-05-05,Paid,0.0,45
490,C1015,late,2025-12-27,2026-02-10,1599.54,2026-02-28,Paid,0.0,45
491,C1015,late,2026-01-25,2026-03-11,3639.79,,Open,3639.79,45
492,C1015,late,2026-03-06,2026-04-20,1502.42,2026-06-06,Paid,0.0,45
493,C1015,late,2026-03-04,2026-04-18,1230.67,2026-05-07,Paid,0.0,45
494,C1015,late,2025-11-30,2026-01-14,2791.68,2026-03-04,Paid,0.0,45
495,C1015,late,2025-11-22,2026-01-06,4051.7,2026-02-18,Paid,0.0,45
496,C1015,late,2025-12-09,2026-01-23,1322.96,,Open,1322.96,45
497,C1015,late,2026-03-22,2026-05-06,1746.15,2026-06-04,Paid,0.0,45
498,C1015,late,2026-03-06,2026-04-20,3976.29,,Open,3976.29,45
499,C1015,late,2026-01-07,2026-02-21,1327.76,,Open,1327.76,45
500,C1015,late,2026-02-08,2026-03-25,3550.89,,Open,3550.89,45
501,C1015,late,2025-10-27,2025-12-11,3451.94,2026-02-02,Paid,0.0,45
502,C1015,late,2025-11-13,2025-12-28,3611.32,2026-02-23,Paid,0.0,45
503,C1015,late,2026-04-05,2026-05-20,1479.07,2026-07-04,Paid,0.0,45
504,C1015,late,2026-03-27,2026-05-11,4339.71,2026-06-26,Paid,0.0,45
505,C1015,late,2026-03-06,2026-04-20,2696.86,2026-06-06,Paid,0.0,45
506,C1015,late,2025-11-15,2025-12-30,3513.83,2026-02-02,Paid,0.0,45
507,C1016,good,2025-12-24,2026-02-07,4329.83,,Open,4329.83,45
508,C1016,good,2025-10-23,2025-12-07,3406.12,,Open,3406.12,45
509,C1016,good,2026-02-22,2026-04-08,4588.11,2026-04-10,Paid,0.0,45
510,C1016,good,2026-02-04,2026-03-21,4412.18,2026-03-31,Paid,0.0,45
511,C1016,good,2026-04-06,2026-05-21,1825.32,,Open,1825.32,45
512,C1016,good,2025-12-20,2026-02-03,2437.79,2026-02-04,Paid,0.0,45
513,C1016,good,2025-10-24,2025-12-08,3735.49,2025-12-18,Paid,0.0,45
514,C1016,good,2025-11-05,2025-12-20,1651.57,2025-12-20,Paid,0.0,45
515,C1016,good,2026-01-09,2026-02-23,925.71,2026-03-01,Paid,0.0,45
516,C1016,good,2025-11-15,2025-12-30,3633.74,2025-12-31,Paid,0.0,45
517,C1016,good,2025-12-15,2026-01-29,1175.22,2026-02-08,Paid,0.0,45
518,C1016,good,2026-02-06,2026-03-23,669.9,,Open,669.9,45
519,C1016,good,2026-03-22,2026-05-06,673.37,2026-05-16,Paid,0.0,45
520,C1016,good,2026-01-16,2026-03-02,4626.64,2026-03-02,Paid,0.0,45
521,C1016,good,2025-12-03,2026-01-17,2289.53,2026-01-24,Paid,0.0,45
522,C1016,good,2025-11-17,2026-01-01,4238.23,,Open,4238.23,45
523,C1016,good,2025-11-10,2025-12-25,2179.1,2025-12-31,Paid,0.0,45
524,C1016,good,2025-12-18,2026-02-01,1568.72,2026-02-05,Paid,0.0,45
525,C1016,good,2025-12-17,2026-01-31,3910.99,,Open,3910.99,45
526,C1016,good,2026-03-06,2026-04-20,2489.93,2026-04-16,Paid,0.0,45
527,C1016,good,2025-11-15,2025-12-30,2017.4,2025-12-30,Paid,0.0,45
528,C1016,good,2025-12-08,2026-01-22,537.7,2026-01-24,Paid,0.0,45
529,C1016,good,2025-11-04,2025-12-19,767.27,2025-12-19,Paid,0.0,45
530,C1016,good,2025-12-28,2026-02-11,4971.18,2026-02-09,Paid,0.0,45
531,C1016,good,2026-03-05,2026-04-19,4961.38,,Open,4961.38,45
532,C1017,late,2025-12-21,2026-01-20,2606.32,2026-03-08,Paid,0.0,30
533,C1017,late,2026-02-25,2026-03-27,2839.67,2026-05-13,Paid,0.0,30
534,C1017,late,2025-11-09,2025-12-09,4291.97,2026-01-06,Paid,0.0,30
535,C1017,late,2026-03-01,2026-03-31,3569.99,,Open,3569.99,30
536,C1017,late,2026-01-02,2026-02-01,3709.47,2026-03-20,Paid,0.0,30
537,C1017,late,2025-11-02,2025-12-02,4493.52,2026-01-14,Paid,0.0,30
538,C1017,late,2025-12-17,2026-01-16,2136.96,,Open,2136.96,30
539,C1017,late,2026-03-13,2026-04-12,937.84,,Open,937.84,30
540,C1017,late,2025-12-29,2026-01-28,1318.94,2026-03-12,Paid,0.0,30
541,C1017,late,2025-11-09,2025-12-09,663.84,2026-01-05,Paid,0.0,30
542,C1017,late,2025-11-09,2025-12-09,2524.85,2026-01-17,Paid,0.0,30
543,C1017,late,2026-01-10,2026-02-09,3991.43,2026-03-07,Paid,0.0,30
544,C1017,late,2026-01-30,2026-03-01,1311.82,2026-03-17,Paid,0.0,30
545,C1017,late,2026-03-24,2026-04-23,4889.34,2026-06-12,Paid,0.0,30
546,C1017,late,2026-01-18,2026-02-17,2487.19,2026-03-10,Paid,0.0,30
547,C1017,late,2025-12-11,2026-01-10,1751.89,2026-02-20,Paid,0.0,30
548,C1017,late,2025-12-01,2025-12-31,932.13,2026-02-09,Paid,0.0,30
549,C1017,late,2025-12-21,2026-01-20,4475.49,2026-03-15,Paid,0.0,30
550,C1017,late,2025-12-08,2026-01-07,2774.87,,Open,2774.87,30
551,C1017,late,2026-03-05,2026-04-04,3249.57,2026-05-03,Paid,0.0,30
552,C1017,late,2026-02-13,2026-03-15,4491.59,2026-05-10,Paid,0.0,30
553,C1017,late,2026-03-14,2026-04-13,3646.23,,Open,3646.23,30
554,C1017,late,2026-03-02,2026-04-01,4952.11,2026-05-21,Paid,0.0,30
555,C1017,late,2026-01-28,2026-02-27,2291.13,2026-04-07,Paid,0.0,30
556,C1017,late,2025-12-16,2026-01-15,1857.54,2026-03-16,Paid,0.0,30
557,C1017,late,2025-11-12,2025-12-12,2241.34,,Open,2241.34,30
558,C1017,late,2025-12-05,2026-01-04,1308.73,2026-01-28,Paid,0.0,30
559,C1017,late,2025-11-23,2025-12-23,1055.23,2026-01-27,Paid,0.0,30
560,C1017,late,2025-12-04,2026-01-03,4781.69,2026-02-22,Paid,0.0,30
561,C1017,late,2026-01-12,2026-02-11,3756.4,2026-03-18,Paid,0.0,30
562,C1017,late,2025-12-12,2026-01-11,1954.77,2026-03-11,Paid,0.0,30
563,C1017,late,2025-11-23,2025-12-23,4584.53,2026-01-17,Paid,0.0,30
564,C1018,good,2026-03-27,2026-05-26,4012.83,2026-05-22,Paid,0.0,60
565,C1018,good,2026-04-02,2026-06-01,2049.27,2026-06-07,Paid,0.0,60
566,C1018,good,2025-10-22,2025-12-21,4427.77,2025-12-22,Paid,0.0,60
567,C1018,good,2026-01-26,2026-03-27,4581.91,2026-04-01,Paid,0.0,60
568,C1018,good,2026-01-01,2026-03-02,3514.2,,Open,3514.2,60
569,C1018,good,2025-10-25,2025-12-24,4558.37,2025-12-30,Paid,0.0,60
570,C1018,good,2025-11-03,2026-01-02,4279.12,2026-01-04,Paid,0.0,60
571,C1018,good,2025-11-04,2026-01-03,1941.13,2026-01-04,Paid,0.0,60
572,C1018,good,2026-01-24,2026-03-25,930.85,2026-03-20,Paid,0.0,60
573,C1018,good,2026-03-17,2026-05-16,4138.61,,Open,4138.61,60
574,C1018,good,2026-02-23,2026-04-24,3890.6,2026-04-23,Paid,0.0,60
575,C1018,good,2026-01-16,2026-03-17,2939.85,2026-03-20,Paid,0.0,60
576,C1018,good,2026-02-15,2026-04-16,1372.74,2026-04-16,Paid,0.0,60
577,C1018,good,2026-02-27,2026-04-28,4838.69,,Open,4838.69,60
578,C1018,good,2025-11-11,2026-01-10,2849.52,,Open,2849.52,60
579,C1018,good,2026-01-14,2026-03-15,3230.15,2026-03-20,Paid,0.0,60
580,C1018,good,2026-04-04,2026-06-03,2113.82,2026-06-03,Paid,0.0,60
581,C1018,good,2025-12-03,2026-02-01,3166.01,2026-01-28,Paid,0.0,60
582,C1018,good,2026-03-18,2026-05-17,1101.07,2026-05-27,Paid,0.0,60
583,C1018,good,2026-03-04,2026-05-03,1440.68,2026-05-02,Paid,0.0,60
584,C1018,good,2026-01-10,2026-03-11,4924.3,2026-03-18,Paid,0.0,60
585,C1018,good,2025-11-25,2026-01-24,2578.02,2026-01-25,Paid,0.0,60
586,C1019,good,2026-04-08,2026-06-07,3751.11,,Open,3751.11,60
587,C1019,good,2025-11-28,2026-01-27,1352.29,2026-01-25,Paid,0.0,60
588,C1019,good,2026-03-12,2026-05-11,4401.69,,Open,4401.69,60
589,C1019,good,2025-11-13,2026-01-12,2852.28,2026-01-22,Paid,0.0,60
590,C1019,good,2026-03-04,2026-05-03,2440.29,2026-05-09,Paid,0.0,60
591,C1019,good,2026-01-01,2026-03-02,2351.24,2026-03-08,Paid,0.0,60
592,C1019,good,2026-02-16,2026-04-17,1380.38,2026-04-16,Paid,0.0,60
593,C1019,good,2026-04-04,2026-06-03,1584.66,2026-06-10,Paid,0.0,60
594,C1019,good,2025-11-03,2026-01-02,2483.53,,Open,2483.53,60
595,C1019,good,2025-11-26,2026-01-25,534.14,2026-02-02,Paid,0.0,60
596,C1019,good,2026-01-28,2026-03-29,2369.51,2026-03-31,Paid,0.0,60
597,C1019,good,2025-10-22,2025-12-21,2184.61,2025-12-29,Paid,0.0,60
598,C1019,good,2025-11-11,2026-01-10,3863.69,,Open,3863.69,60
599,C1019,good,2025-11-27,2026-01-26,2138.26,2026-01-22,Paid,0.0,60
600,C1019,good,2026-02-06,2026-04-07,3360.53,2026-04-05,Paid,0.0,60
601,C1019,good,2026-03-02,2026-05-01,4123.37,,Open,4123.37,60
602,C1019,good,2026-01-26,2026-03-27,611.39,2026-03-22,Paid,0.0,60
603,C1019,good,2025-11-10,2026-01-09,2439.54,2026-01-19,Paid,0.0,60
604,C1019,good,2025-12-02,2026-01-31,935.91,2026-02-07,Paid,0.0,60
605,C1019,good,2025-11-21,2026-01-20,4781.8,2026-01-22,Paid,0.0,60
606,C1019,good,2025-11-27,2026-01-26,2209.38,2026-01-31,Paid,0.0,60
607,C1019,good,2026-03-23,2026-05-22,1448.07,,Open,1448.07,60
608,C1019,good,2026-01-09,2026-03-10,975.71,,Open,975.71,60
609,C1019,good,2025-10-24,2025-12-23,3158.94,2025-12-18,Paid,0.0,60
610,C1019,good,2026-02-08,2026-04-09,911.57,2026-04-19,Paid,0.0,60
611,C1019,good,2025-11-14,2026-01-13,2430.58,2026-01-17,Paid,0.0,60
612,C1019,good,2026-03-30,2026-05-29,3515.76,2026-05-24,Paid,0.0,60
613,C1019,good,2025-11-02,2026-01-01,2652.5,2026-01-03,Paid,0.0,60
614,C1019,good,2026-01-17,2026-03-18,3985.21,2026-03-28,Paid,0.0,60
615,C1019,good,2026-03-26,2026-05-25,1709.97,2026-05-25,Paid,0.0,60
616,C1019,good,2025-12-18,2026-02-16,2549.95,2026-02-16,Paid,0.0,60
617,C1019,good,2025-10-23,2025-12-22,2290.1,2025-12-30,Paid,0.0,60
618,C1019,good,2025-11-17,2026-01-16,3185.92,2026-01-26,Paid,0.0,60
619,C1019,good,2026-02-12,2026-04-13,1878.63,2026-04-10,Paid,0.0,60
620,C1019,good,2025-12-04,2026-02-02,4877.24,2026-01-31,Paid,0.0,60
621,C1019,good,2026-02-02,2026-04-03,4304.51,2026-04-07,Paid,0.0,60
622,C1019,good,2025-11-22,2026-01-21,4456.69,,Open,4456.69,60
623,C1019,good,2026-03-05,2026-05-04,4994.48,2026-04-30,Paid,0.0,60
624,C1019,good,2025-11-15,2026-01-14,4597.23,,Open,4597.23,60
625,C1019,good,2026-04-06,2026-06-05,2919.8,2026-06-08,Paid,0.0,60
626,C1020,good,2026-04-06,2026-05-21,3409.67,2026-05-16,Paid,0.0,45
627,C1020,good,2026-03-12,2026-04-26,940.46,2026-05-01,Paid,0.0,45
628,C1020,good,2025-10-28,2025-12-12,3630.81,,Open,3630.81,45
629,C1020,good,2025-12-03,2026-01-17,2883.92,,Open,2883.92,45
630,C1020,good,2026-03-26,2026-05-10,3277.12,,Open,3277.12,45
631,C1020,good,2025-11-25,2026-01-09,1872.99,,Open,1872.99,45
632,C1020,good,2026-03-02,2026-04-16,1525.7,,Open,1525.7,45
633,C1020,good,2026-01-09,2026-02-23,4541.91,2026-03-03,Paid,0.0,45
634,C1020,good,2026-03-06,2026-04-20,1786.61,,Open,1786.61,45
635,C1020,good,2025-11-08,2025-12-23,1691.84,2025-12-18,Paid,0.0,45
636,C1020,good,2026-01-27,2026-03-13,4295.56,2026-03-21,Paid,0.0,45
637,C1020,good,2026-03-23,2026-05-07,1333.68,2026-05-03,Paid,0.0,45
638,C1020,good,2025-12-21,2026-02-04,4790.15,2026-02-12,Paid,0.0,45
639,C1020,good,2026-01-09,2026-02-23,2802.38,2026-02-22,Paid,0.0,45
640,C1020,good,2026-02-11,2026-03-28,1532.56,2026-03-24,Paid,0.0,45
641,C1020,good,2025-12-16,2026-01-30,1948.46,2026-01-31,Paid,0.0,45
642,C1020,good,2026-03-01,2026-04-15,3609.2,,Open,3609.2,45
643,C1020,good,2025-11-04,2025-12-19,508.27,2025-12-23,Paid,0.0,45
644,C1020,good,2026-01-25,2026-03-11,4982.36,2026-03-12,Paid,0.0,45
645,C1020,good,2025-10-29,2025-12-13,2212.47,2025-12-09,Paid,0.0,45
646,C1020,good,2026-01-02,2026-02-16,2556.78,,Open,2556.78,45
647,C1020,good,2025-12-04,2026-01-18,3404.45,2026-01-22,Paid,0.0,45
648,C1020,good,2025-12-19,2026-02-02,1404.07,,Open,1404.07,45
649,C1020,good,2026-02-06,2026-03-23,2712.55,,Open,2712.55,45
650,C1021,late,2025-11-08,2026-01-07,3355.29,2026-03-02,Paid,0.0,60
651,C1021,late,2025-11-19,2026-01-18,4873.15,2026-02-03,Paid,0.0,60
652,C1021,late,2026-03-04,2026-05-03,2415.96,2026-05-21,Paid,0.0,60
653,C1021,late,2025-11-03,2026-01-02,2435.22,2026-01-23,Paid,0.0,60
654,C1021,late,2026-01-30,2026-03-31,2654.52,2026-05-12,Paid,0.0,60
655,C1021,late,2026-03-13,2026-05-12,1966.23,2026-06-05,Paid,0.0,60
656,C1021,late,2025-11-23,2026-01-22,4019.46,2026-03-21,Paid,0.0,60
657,C1021,late,2026-04-03,2026-06-02,3026.86,2026-06-23,Paid,0.0,60
658,C1021,late,2025-12-14,2026-02-12,1692.13,2026-03-05,Paid,0.0,60
659,C1021,late,2026-03-19,2026-05-18,2328.54,,Open,2328.54,60
660,C1021,late,2025-11-11,2026-01-10,3734.51,2026-03-01,Paid,0.0,60
661,C1021,late,2025-12-05,2026-02-03,4107.13,2026-03-04,Paid,0.0,60
662,C1021,late,2026-01-03,2026-03-04,4114.55,2026-04-14,Paid,0.0,60
663,C1021,late,2026-02-05,2026-04-06,3527.4,,Open,3527.4,60
664,C1021,late,2025-11-04,2026-01-03,678.1,,Open,678.1,60
665,C1021,late,2026-03-29,2026-05-28,3131.11,2026-07-04,Paid,0.0,60
666,C1021,late,2025-11-23,2026-01-22,2617.66,2026-02-28,Paid,0.0,60
667,C1021,late,2026-02-25,2026-04-26,4496.61,2026-06-02,Paid,0.0,60
668,C1021,late,2026-02-05,2026-04-06,1972.97,2026-05-05,Paid,0.0,60
669,C1021,late,2025-10-29,2025-12-28,3975.26,2026-01-25,Paid,0.0,60
670,C1021,late,2026-01-21,2026-03-22,4241.53,2026-04-26,Paid,0.0,60
671,C1021,late,2025-11-10,2026-01-09,521.59,2026-02-23,Paid,0.0,60
672,C1021,late,2025-10-23,2025-12-22,4032.11,2026-01-15,Paid,0.0,60
673,C1021,late,2026-02-27,2026-04-28,880.2,2026-06-07,Paid,0.0,60
674,C1021,late,2026-02-26,2026-04-27,4165.31,,Open,4165.31,60
675,C1021,late,2026-01-01,2026-03-02,4587.56,,Open,4587.56,60
676,C1021,late,2025-12-16,2026-02-14,1472.02,2026-03-08,Paid,0.0,60
677,C1021,late,2026-01-20,2026-03-21,3973.53,2026-05-15,Paid,0.0,60
678,C1021,late,2025-10-25,2025-12-24,2506.3,,Open,2506.3,60
679,C1021,late,2026-02-09,2026-04-10,1039.18,2026-05-24,Paid,0.0,60
680,C1021,late,2025-11-18,2026-01-17,2562.7,2026-03-11,Paid,0.0,60
681,C1021,late,2025-12-13,2026-02-11,2447.15,,Open,2447.15,60
682,C1021,late,2026-02-06,2026-04-07,1885.06,2026-05-25,Paid,0.0,60
683,C1021,late,2026-01-21,2026-03-22,1688.52,2026-04-28,Paid,0.0,60
684,C1021,late,2026-03-28,2026-05-27,630.88,2026-06-11,Paid,0.0,60
685,C1022,late,2026-03-21,2026-04-20,1920.52,2026-06-16,Paid,0.0,30
686,C1022,late,2026-02-05,2026-03-07,3528.48,,Open,3528.48,30
687,C1022,late,2026-02-19,2026-03-21,3364.03,2026-04-13,Paid,0.0,30
688,C1022,late,2026-04-03,2026-05-03,2481.02,2026-05-19,Paid,0.0,30
689,C1022,late,2025-12-09,2026-01-08,1277.88,2026-02-26,Paid,0.0,30
690,C1022,late,2026-04-07,2026-05-07,1507.87,,Open,1507.87,30
691,C1022,late,2026-03-05,2026-04-04,1941.43,,Open,1941.43,30
692,C1022,late,2025-11-22,2025-12-22,1674.34,,Open,1674.34,30
693,C1022,late,2026-01-28,2026-02-27,2083.64,2026-04-17,Paid,0.0,30
694,C1022,late,2025-12-27,2026-01-26,2885.41,2026-03-16,Paid,0.0,30
695,C1022,late,2026-03-18,2026-04-17,1309.75,2026-06-01,Paid,0.0,30
696,C1022,late,2026-03-06,2026-04-05,4557.73,2026-05-03,Paid,0.0,30
697,C1022,late,2025-11-28,2025-12-28,732.52,,Open,732.52,30
698,C1022,late,2026-01-18,2026-02-17,2286.04,2026-03-30,Paid,0.0,30
699,C1022,late,2025-11-09,2025-12-09,2636.45,2026-01-25,Paid,0.0,30
700,C1022,late,2026-03-24,2026-04-23,4092.09,,Open,4092.09,30
701,C1022,late,2025-12-25,2026-01-24,2956.65,2026-03-14,Paid,0.0,30
702,C1022,late,2026-03-29,2026-04-28,1479.21,2026-06-01,Paid,0.0,30
703,C1022,late,2026-01-23,2026-02-22,4593.06,2026-03-10,Paid,0.0,30
704,C1022,late,2026-01-31,2026-03-02,1358.22,2026-04-19,Paid,0.0,30
705,C1022,late,2026-02-27,2026-03-29,1534.51,2026-04-26,Paid,0.0,30
706,C1023,good,2026-01-27,2026-03-28,566.86,2026-03-26,Paid,0.0,60
707,C1023,good,2026-03-30,2026-05-29,3686.52,2026-06-06,Paid,0.0,60
708,C1023,good,2026-02-24,2026-04-25,4737.96,2026-04-26,Paid,0.0,60
709,C1023,good,2025-10-22,2025-12-21,4708.03,2025-12-28,Paid,0.0,60
710,C1023,good,2026-03-24,2026-05-23,1071.93,2026-06-02,Paid,0.0,60
711,C1023,good,2025-10-22,2025-12-21,2154.07,2025-12-23,Paid,0.0,60
712,C1023,good,2025-12-17,2026-02-15,1669.3,2026-02-22,Paid,0.0,60
713,C1023,good,2025-11-16,2026-01-15,1529.75,,Open,1529.75,60
714,C1023,good,2025-11-07,2026-01-06,3335.08,,Open,3335.08,60
715,C1023,good,2025-12-23,2026-02-21,4438.87,,Open,4438.87,60
716,C1023,good,2025-12-13,2026-02-11,4551.86,2026-02-13,Paid,0.0,60
717,C1023,good,2025-11-29,2026-01-28,910.91,2026-02-02,Paid,0.0,60
718,C1023,good,2026-01-29,2026-03-30,4291.65,,Open,4291.65,60
719,C1023,good,2026-02-26,2026-04-27,2434.28,2026-05-01,Paid,0.0,60
720,C1023,good,2026-02-06,2026-04-07,2701.7,,Open,2701.7,60
721,C1023,good,2025-12-02,2026-01-31,1646.33,2026-02-04,Paid,0.0,60
722,C1023,good,2025-11-16,2026-01-15,880.08,2026-01-15,Paid,0.0,60
723,C1023,good,2026-03-20,2026-05-19,1266.97,2026-05-25,Paid,0.0,60
724,C1023,good,2025-12-15,2026-02-13,4395.83,2026-02-23,Paid,0.0,60
725,C1023,good,2026-03-14,2026-05-13,3032.12,2026-05-10,Paid,0.0,60
726,C1023,good,2026-04-01,2026-05-31,766.43,,Open,766.43,60
727,C1023,good,2026-01-20,2026-03-21,1293.45,2026-03-31,Paid,0.0,60
728,C1023,good,2026-01-13,2026-03-14,576.68,2026-03-19,Paid,0.0,60
729,C1023,good,2026-02-11,2026-04-12,2056.25,,Open,2056.25,60
730,C1023,good,2025-11-29,2026-01-28,1391.8,2026-01-27,Paid,0.0,60
731,C1023,good,2026-02-09,2026-04-10,865.91,,Open,865.91,60
732,C1023,good,2026-04-08,2026-06-07,2543.82,,Open,2543.82,60
733,C1024,late,2025-11-28,2025-12-28,4870.67,,Open,4870.67,30
734,C1024,late,2026-03-30,2026-04-29,3223.52,2026-06-28,Paid,0.0,30
735,C1024,late,2025-12-28,2026-01-27,2801.22,2026-02-28,Paid,0.0,30
736,C1024,late,2025-11-16,2025-12-16,4664.97,2026-01-05,Paid,0.0,30
737,C1024,late,2025-12-23,2026-01-22,1229.01,,Open,1229.01,30
738,C1024,late,2025-11-21,2025-12-21,2789.68,2026-02-06,Paid,0.0,30
739,C1024,late,2025-11-01,2025-12-01,1273.64,2026-01-11,Paid,0.0,30
740,C1024,late,2026-01-26,2026-02-25,4810.75,2026-04-26,Paid,0.0,30
741,C1024,late,2025-12-29,2026-01-28,2981.74,2026-03-02,Paid,0.0,30
742,C1024,late,2025-11-22,2025-12-22,2951.17,2026-02-20,Paid,0.0,30
743,C1024,late,2026-02-11,2026-03-13,1691.29,,Open,1691.29,30
744,C1024,late,2025-12-31,2026-01-30,1222.04,2026-03-23,Paid,0.0,30
745,C1024,late,2026-04-05,2026-05-05,1217.08,,Open,1217.08,30
746,C1024,late,2026-03-02,2026-04-01,1008.18,,Open,1008.18,30
747,C1024,late,2026-03-16,2026-04-15,2607.96,2026-06-10,Paid,0.0,30
748,C1024,late,2026-04-03,2026-05-03,760.54,2026-05-21,Paid,0.0,30
749,C1024,late,2025-10-27,2025-11-26,1435.4,2026-01-18,Paid,0.0,30
750,C1024,late,2026-01-13,2026-02-12,4543.94,2026-03-23,Paid,0.0,30
751,C1024,late,2025-12-31,2026-01-30,1805.18,2026-02-28,Paid,0.0,30
752,C1024,late,2025-12-18,2026-01-17,3024.62,2026-02-28,Paid,0.0,30
753,C1024,late,2025-12-19,2026-01-18,3141.92,,Open,3141.92,30
754,C1024,late,2026-03-27,2026-04-26,1986.52,2026-06-02,Paid,0.0,30
755,C1024,late,2026-03-23,2026-04-22,3340.38,2026-05-27,Paid,0.0,30
